study,organ2,n_diagram2,HB,pathogen_group,diag_type,col_type,lesion_number,min_sev,max_sev,n_diagrams,stats,Method,stat,yi,vi,n
5,Leaf,1-7D,Yes,Fungi,Drawing,Black-white,Numerous,1,32,6,SAD_a,SAD,a,1.5044444444444445,6.255052777777778,9
5,Leaf,1-7D,Yes,Fungi,Drawing,Black-white,Numerous,1,32,6,SAD_b,SAD,b,0.8022222222222223,0.01709444444444445,9
5,Leaf,1-7D,Yes,Fungi,Drawing,Black-white,Numerous,1,32,6,SAD_r,SAD,r,0.8937881136232135,0.001285658939089771,9
5,Leaf,1-7D,Yes,Fungi,Drawing,Black-white,Numerous,1,32,6,UN_a,UN,a,11.89,20.038800000000002,9
5,Leaf,1-7D,Yes,Fungi,Drawing,Black-white,Numerous,1,32,6,UN_b,UN,b,1.0666666666666667,0.129025,9
5,Leaf,1-7D,Yes,Fungi,Drawing,Black-white,Numerous,1,32,6,UN_r,UN,r,0.7655291551503571,0.00946075169162807,9
12,Other,1-7D,Yes,Fungi,Drawing,Black-white,Numerous,0.5,68,6,SAD_a,SAD,a,2.341666666666667,0.8118966666666666,6
12,Other,1-7D,Yes,Fungi,Drawing,Black-white,Numerous,0.5,68,6,SAD_b,SAD,b,1.0216666666666667,0.014536666666666661,6
12,Other,1-7D,Yes,Fungi,Drawing,Black-white,Numerous,0.5,68,6,SAD_r,SAD,r,0.9668758592377557,1.812873879019839e-4,6
12,Other,1-7D,Yes,Fungi,Drawing,Black-white,Numerous,0.5,68,6,UN_a,UN,a,5.258333333333334,4.791856666666668,6
12,Other,1-7D,Yes,Fungi,Drawing,Black-white,Numerous,0.5,68,6,UN_b,UN,b,1.2583333333333333,0.07445666666666666,6
12,Other,1-7D,Yes,Fungi,Drawing,Black-white,Numerous,0.5,68,6,UN_r,UN,r,0.9424520378231978,1.4098768348212867e-4,6
13,Leaf,8-12D,Yes,Fungi,Drawing,Black-white,Few,1,32,8,SAD_a,SAD,a,1.92625,1.506105,16
13,Leaf,8-12D,Yes,Fungi,Drawing,Black-white,Few,1,32,8,SAD_b,SAD,b,0.976875,0.07671625,16
13,Leaf,8-12D,Yes,Fungi,Drawing,Black-white,Few,1,32,8,SAD_r,SAD,r,0.9269868003256994,7.418368233835263e-4,16
13,Leaf,8-12D,Yes,Fungi,Drawing,Black-white,Few,1,32,8,UN_a,UN,a,2.333125,2.4934629166666666,16
13,Leaf,8-12D,Yes,Fungi,Drawing,Black-white,Few,1,32,8,UN_b,UN,b,0.84,0.017600000000000005,16
13,Leaf,8-12D,Yes,Fungi,Drawing,Black-white,Few,1,32,8,UN_r,UN,r,0.8958564118720163,0.0019373752616494856,16
15,Leaf,8-12D,Yes,Bacteria,Drawing,Black-white,Numerous,2,91,8,SAD_a,SAD,a,-0.8400000000000001,3.2493333333333334,10
15,Leaf,8-12D,Yes,Bacteria,Drawing,Black-white,Numerous,2,91,8,SAD_b,SAD,b,0.935,0.0034277777777777783,10
15,Leaf,8-12D,Yes,Bacteria,Drawing,Black-white,Numerous,2,91,8,SAD_r,SAD,r,0.9612118087396998,7.984304372747908e-5,10
15,Leaf,8-12D,Yes,Bacteria,Drawing,Black-white,Numerous,2,91,8,UN_a,UN,a,5.061,24.122432222222223,10
15,Leaf,8-12D,Yes,Bacteria,Drawing,Black-white,Numerous,2,91,8,UN_b,UN,b,0.9510000000000001,0.04118777777777779,10
15,Leaf,8-12D,Yes,Bacteria,Drawing,Black-white,Numerous,2,91,8,UN_r,UN,r,0.8552099001448528,0.014017807438034328,10
16,Leaf,1-7D,Yes,Fungi,Drawing,Black-white,Numerous,1,30,6,SAD_a,SAD,a,1.005,1.1948722222222223,10
16,Leaf,1-7D,Yes,Fungi,Drawing,Black-white,Numerous,1,30,6,SAD_b,SAD,b,0.933,0.005045555555555554,10
16,Leaf,1-7D,Yes,Fungi,Drawing,Black-white,Numerous,1,30,6,SAD_r,SAD,r,0.9173507078817695,5.196430542402391e-4,10
16,Leaf,1-7D,Yes,Fungi,Drawing,Black-white,Numerous,1,30,6,UN_a,UN,a,4.074,3.9617600000000004,10
16,Leaf,1-7D,Yes,Fungi,Drawing,Black-white,Numerous,1,30,6,UN_b,UN,b,1.313,0.11942333333333331,10
16,Leaf,1-7D,Yes,Fungi,Drawing,Black-white,Numerous,1,30,6,UN_r,UN,r,0.8232980415504111,0.0013114830880639277,10
18,Leaf,1-7D,Yes,Fungi,Drawing,Black-white,Numerous,0.6,78.5,6,SAD_a,SAD,a,4.047142857142857,10.48332380952381,7
18,Leaf,1-7D,Yes,Fungi,Drawing,Black-white,Numerous,0.6,78.5,6,SAD_b,SAD,b,0.9614285714285714,0.008914285714285715,7
18,Leaf,1-7D,Yes,Fungi,Drawing,Black-white,Numerous,0.6,78.5,6,SAD_r,SAD,r,0.9430346756982612,7.998671691211809e-4,7
18,Leaf,1-7D,Yes,Fungi,Drawing,Black-white,Numerous,0.6,78.5,6,UN_a,UN,a,10.361428571428572,69.03971428571428,7
18,Leaf,1-7D,Yes,Fungi,Drawing,Black-white,Numerous,0.6,78.5,6,UN_b,UN,b,1.0271428571428571,0.029523809523809518,7
18,Leaf,1-7D,Yes,Fungi,Drawing,Black-white,Numerous,0.6,78.5,6,UN_r,UN,r,0.9094846078682325,0.004977372725895313,7
22,Leaf,1-7D,Yes,Fungi,Drawing,Black-white,Numerous,1.5,50,6,SAD_a,SAD,a,0.9453846153846154,1.0557435897435898,13
22,Leaf,1-7D,Yes,Fungi,Drawing,Black-white,Numerous,1.5,50,6,SAD_b,SAD,b,1.0438461538461539,0.005425641025641023,13
22,Leaf,1-7D,Yes,Fungi,Drawing,Black-white,Numerous,1.5,50,6,SAD_r,SAD,r,0.952282218501761,8.845768581129759e-5,13
22,Leaf,1-7D,Yes,Fungi,Drawing,Black-white,Numerous,1.5,50,6,UN_a,UN,a,4.36,27.751800000000003,13
22,Leaf,1-7D,Yes,Fungi,Drawing,Black-white,Numerous,1.5,50,6,UN_b,UN,b,1.363076923076923,0.24485641025641028,13
22,Leaf,1-7D,Yes,Fungi,Drawing,Black-white,Numerous,1.5,50,6,UN_r,UN,r,0.8368085180049518,0.0013974628772192323,13
23,Leaf,1-7D,Yes,Fungi,Drawing,Black-white,Numerous,1.5,45,6,SAD_a,SAD,a,0.529,0.3902322222222222,10
23,Leaf,1-7D,Yes,Fungi,Drawing,Black-white,Numerous,1.5,45,6,SAD_b,SAD,b,0.98,0.0018222222222222236,10
23,Leaf,1-7D,Yes,Fungi,Drawing,Black-white,Numerous,1.5,45,6,SAD_r,SAD,r,0.9464428842279233,2.7318543814416327e-4,10
23,Leaf,1-7D,Yes,Fungi,Drawing,Black-white,Numerous,1.5,45,6,UN_a,UN,a,3.816,22.332226666666664,10
23,Leaf,1-7D,Yes,Fungi,Drawing,Black-white,Numerous,1.5,45,6,UN_b,UN,b,1.036,0.10751555555555556,10
23,Leaf,1-7D,Yes,Fungi,Drawing,Black-white,Numerous,1.5,45,6,UN_r,UN,r,0.8437246942969412,0.002365155815036832,10
24,Leaf,8-12D,Yes,Fungi,Drawing,Black-white,Few,1,82,8,SAD_a,SAD,a,3.86,11.050711111111111,10
24,Leaf,8-12D,Yes,Fungi,Drawing,Black-white,Few,1,82,8,SAD_b,SAD,b,0.917,0.005156666666666666,10
24,Leaf,8-12D,Yes,Fungi,Drawing,Black-white,Few,1,82,8,SAD_r,SAD,r,0.9622715383469912,3.720720812794866e-5,10
24,Leaf,8-12D,Yes,Fungi,Drawing,Black-white,Few,1,82,8,UN_a,UN,a,7.705,37.29342777777778,10
24,Leaf,8-12D,Yes,Fungi,Drawing,Black-white,Few,1,82,8,UN_b,UN,b,0.861,0.025321111111111107,10
24,Leaf,8-12D,Yes,Fungi,Drawing,Black-white,Few,1,82,8,UN_r,UN,r,0.9048040462631347,3.6626429539908214e-4,10
25,Leaf,1-7D,Yes,Fungi,Drawing,Black-white,Numerous,1,75,6,SAD_a,SAD,a,-0.5057142857142857,10.282961904761905,7
25,Leaf,1-7D,Yes,Fungi,Drawing,Black-white,Numerous,1,75,6,SAD_b,SAD,b,0.9971428571428571,0.036090476190476194,7
25,Leaf,1-7D,Yes,Fungi,Drawing,Black-white,Numerous,1,75,6,SAD_r,SAD,r,0.9097930568802975,9.89359261137625e-4,7
25,Leaf,1-7D,Yes,Fungi,Drawing,Black-white,Numerous,1,75,6,UN_a,UN,a,0.7,8.5898,7
25,Leaf,1-7D,Yes,Fungi,Drawing,Black-white,Numerous,1,75,6,UN_b,UN,b,1.0757142857142856,0.028561904761904764,7
25,Leaf,1-7D,Yes,Fungi,Drawing,Black-white,Numerous,1,75,6,UN_r,UN,r,0.9059650971496532,7.651165377226686e-4,7
25,Leaf,1-7D,Yes,Fungi,Drawing,Three-color,Numerous,1,75,6,SAD_a,SAD,a,0.37142857142857144,5.2417476190476195,7
25,Leaf,1-7D,Yes,Fungi,Drawing,Three-color,Numerous,1,75,6,SAD_b,SAD,b,1.0857142857142856,0.01269523809523809,7
25,Leaf,1-7D,Yes,Fungi,Drawing,Three-color,Numerous,1,75,6,SAD_r,SAD,r,0.9454828298995321,4.0592142603450927e-4,7
25,Leaf,1-7D,Yes,Fungi,Drawing,Three-color,Numerous,1,75,6,UN_a,UN,a,0.7,8.5898,7
25,Leaf,1-7D,Yes,Fungi,Drawing,Three-color,Numerous,1,75,6,UN_b,UN,b,1.0757142857142856,0.028561904761904764,7
25,Leaf,1-7D,Yes,Fungi,Drawing,Three-color,Numerous,1,75,6,UN_r,UN,r,0.9059650971496532,7.651165377226686e-4,7
26,Leaf,8-12D,Yes,Fungi,Photo,TrueColor,Numerous,0.05,67.2,9,SAD_a,SAD,a,0.77,0.7013555555555555,10
26,Leaf,8-12D,Yes,Fungi,Photo,TrueColor,Numerous,0.05,67.2,9,SAD_b,SAD,b,0.964,0.003671111111111111,10
26,Leaf,8-12D,Yes,Fungi,Photo,TrueColor,Numerous,0.05,67.2,9,SAD_r,SAD,r,0.9564707272582762,1.819421089157678e-4,10
26,Leaf,8-12D,Yes,Fungi,Photo,TrueColor,Numerous,0.05,67.2,9,UN_a,UN,a,2.742,3.052284444444445,10
26,Leaf,8-12D,Yes,Fungi,Photo,TrueColor,Numerous,0.05,67.2,9,UN_b,UN,b,0.982,0.07159555555555557,10
26,Leaf,8-12D,Yes,Fungi,Photo,TrueColor,Numerous,0.05,67.2,9,UN_r,UN,r,0.8956698146070048,8.617591131706919e-4,10
27,Other,8-12D,Yes,Fungi,Drawing,Black-white,Few,1,92,9,SAD_a,SAD,a,-1.804,8.50004888888889,10
27,Other,8-12D,Yes,Fungi,Drawing,Black-white,Few,1,92,9,SAD_b,SAD,b,1.0150000000000001,9.388888888888906e-4,10
27,Other,8-12D,Yes,Fungi,Drawing,Black-white,Few,1,92,9,SAD_r,SAD,r,0.9653825283354585,4.063776070871794e-5,10
27,Other,8-12D,Yes,Fungi,Drawing,Black-white,Few,1,92,9,UN_a,UN,a,4.115,27.44071666666667,10
27,Other,8-12D,Yes,Fungi,Drawing,Black-white,Few,1,92,9,UN_b,UN,b,0.975,0.00858333333333333,10
27,Other,8-12D,Yes,Fungi,Drawing,Black-white,Few,1,92,9,UN_r,UN,r,0.9159126123470551,0.0012267628262145813,10
28,Leaf,1-7D,Yes,Fungi,Drawing,TrueColor,Numerous,0.9,51,7,SAD_a,SAD,a,0.751578947368421,0.022569590643274854,19
28,Leaf,1-7D,Yes,Fungi,Drawing,TrueColor,Numerous,0.9,51,7,SAD_b,SAD,b,2.403157894736842,0.8210005847953217,19
28,Leaf,1-7D,Yes,Fungi,Drawing,TrueColor,Numerous,0.9,51,7,SAD_r,SAD,r,0.9360459794939158,6.966978440133344e-4,19
28,Leaf,1-7D,Yes,Fungi,Drawing,TrueColor,Numerous,0.9,51,7,UN_a,UN,a,7.0952631578947365,22.080470760233915,19
28,Leaf,1-7D,Yes,Fungi,Drawing,TrueColor,Numerous,0.9,51,7,UN_b,UN,b,1.138421052631579,0.1262140350877193,19
28,Leaf,1-7D,Yes,Fungi,Drawing,TrueColor,Numerous,0.9,51,7,UN_r,UN,r,0.8734921257806892,0.004067700987973253,19
29,Leaf,1-7D,Yes,Bacteria,Drawing,Black-white,Numerous,0.5,55.3,6,SAD_a,SAD,a,2.2528571428571427,3.9999571428571423,7
29,Leaf,1-7D,Yes,Bacteria,Drawing,Black-white,Numerous,0.5,55.3,6,SAD_b,SAD,b,0.8742857142857143,0.005261904761904759,7
29,Leaf,1-7D,Yes,Bacteria,Drawing,Black-white,Numerous,0.5,55.3,6,SAD_r,SAD,r,0.8900811738788974,7.147545574247107e-4,7
29,Leaf,1-7D,Yes,Bacteria,Drawing,Black-white,Numerous,0.5,55.3,6,UN_a,UN,a,4.461428571428572,16.786180952380953,7
29,Leaf,1-7D,Yes,Bacteria,Drawing,Black-white,Numerous,0.5,55.3,6,UN_b,UN,b,0.9085714285714286,0.03044761904761904,7
29,Leaf,1-7D,Yes,Bacteria,Drawing,Black-white,Numerous,0.5,55.3,6,UN_r,UN,r,0.8419674785598305,0.0012725592222016433,7
30,Leaf,1-7D,Yes,Fungi,Drawing,Black-white,Numerous,0.4,37.5,6,SAD_a,SAD,a,1.0325,0.01270714285714286,8
30,Leaf,1-7D,Yes,Fungi,Drawing,Black-white,Numerous,0.4,37.5,6,SAD_b,SAD,b,1.08375,0.2537410714285714,8
30,Leaf,1-7D,Yes,Fungi,Drawing,Black-white,Numerous,0.4,37.5,6,SAD_r,SAD,r,0.8907535792354975,0.001780641233314555,8
30,Leaf,1-7D,Yes,Fungi,Drawing,Black-white,Numerous,0.4,37.5,6,UN_a,UN,a,0.29125,0.007412499999999999,8
30,Leaf,1-7D,Yes,Fungi,Drawing,Black-white,Numerous,0.4,37.5,6,UN_b,UN,b,3.46125,1.2116982142857142,8
30,Leaf,1-7D,Yes,Fungi,Drawing,Black-white,Numerous,0.4,37.5,6,UN_r,UN,r,0.7654226041744616,0.00186084230718329,8
31,Leaf,8-12D,Yes,Oomycete,Drawing,Black-white,Numerous,0.08,87.65,8,SAD_a,SAD,a,-0.46285714285714286,2.172957142857143,7
31,Leaf,8-12D,Yes,Oomycete,Drawing,Black-white,Numerous,0.08,87.65,8,SAD_b,SAD,b,0.9628571428571429,0.00879047619047619,7
31,Leaf,8-12D,Yes,Oomycete,Drawing,Black-white,Numerous,0.08,87.65,8,SAD_r,SAD,r,0.9560036896692701,3.997695618655735e-4,7
31,Leaf,8-12D,Yes,Oomycete,Drawing,Black-white,Numerous,0.08,87.65,8,UN_a,UN,a,3.7928571428571427,16.106390476190477,7
31,Leaf,8-12D,Yes,Oomycete,Drawing,Black-white,Numerous,0.08,87.65,8,UN_b,UN,b,0.9342857142857143,0.01896190476190475,7
31,Leaf,8-12D,Yes,Oomycete,Drawing,Black-white,Numerous,0.08,87.65,8,UN_r,UN,r,0.9095766903783654,0.0014486183737291796,7
32,Leaf,1-7D,Yes,Fungi,Drawing,Black-white,Numerous,0.41,23.61,6,SAD_a,SAD,a,0.32285714285714284,0.10839047619047619,7
32,Leaf,1-7D,Yes,Fungi,Drawing,Black-white,Numerous,0.41,23.61,6,SAD_b,SAD,b,0.8257142857142857,0.012295238095238099,7
32,Leaf,1-7D,Yes,Fungi,Drawing,Black-white,Numerous,0.41,23.61,6,SAD_r,SAD,r,0.8952851425678973,0.0015419324133764132,7
32,Leaf,1-7D,Yes,Fungi,Drawing,Black-white,Numerous,0.41,23.61,6,UN_a,UN,a,6.234285714285714,1.5988285714285713,7
32,Leaf,1-7D,Yes,Fungi,Drawing,Black-white,Numerous,0.41,23.61,6,UN_b,UN,b,0.9214285714285715,0.15211428571428573,7
32,Leaf,1-7D,Yes,Fungi,Drawing,Black-white,Numerous,0.41,23.61,6,UN_r,UN,r,0.5025105648658533,0.0053969875645678575,7
36,Leaf,1-7D,Yes,Fungi,Drawing,Black-white,Numerous,1.6,40.2,6,SAD_a,SAD,a,0.015000000000000013,4.380057142857143,8
36,Leaf,1-7D,Yes,Fungi,Drawing,Black-white,Numerous,1.6,40.2,6,SAD_b,SAD,b,0.965,3.714285714285721e-4,8
36,Leaf,1-7D,Yes,Fungi,Drawing,Black-white,Numerous,1.6,40.2,6,SAD_r,SAD,r,0.9597598708518592,1.2684605991143555e-4,8
36,Leaf,1-7D,Yes,Fungi,Drawing,Black-white,Numerous,1.6,40.2,6,UN_a,UN,a,1.5374999999999999,2.008764285714286,8
36,Leaf,1-7D,Yes,Fungi,Drawing,Black-white,Numerous,1.6,40.2,6,UN_b,UN,b,0.59125,0.04518392857142857,8
36,Leaf,1-7D,Yes,Fungi,Drawing,Black-white,Numerous,1.6,40.2,6,UN_r,UN,r,0.7297313696116253,0.012848146519704578,8
38,Leaf,1-7D,Yes,Fungi,Drawing,Black-white,Numerous,0.7,53,7,SAD_a,SAD,a,-0.78,0.5369142857142857,8
38,Leaf,1-7D,Yes,Fungi,Drawing,Black-white,Numerous,0.7,53,7,SAD_b,SAD,b,0.9525,0.005964285714285717,8
38,Leaf,1-7D,Yes,Fungi,Drawing,Black-white,Numerous,0.7,53,7,SAD_r,SAD,r,0.9446973228836187,5.367787031289246e-5,8
38,Leaf,1-7D,Yes,Fungi,Drawing,Black-white,Numerous,0.7,53,7,UN_a,UN,a,5.49375,16.186226785714286,8
38,Leaf,1-7D,Yes,Fungi,Drawing,Black-white,Numerous,0.7,53,7,UN_b,UN,b,1.11125,0.02138392857142857,8
38,Leaf,1-7D,Yes,Fungi,Drawing,Black-white,Numerous,0.7,53,7,UN_r,UN,r,0.9032476956066983,0.0018784004356449276,8
40,Leaf,8-12D,Yes,Fungi,Photo,TrueColor,Single,1.3,50,8,SAD_a,SAD,a,0.9083333333333333,0.012776666666666672,6
40,Leaf,8-12D,Yes,Fungi,Photo,TrueColor,Single,1.3,50,8,SAD_b,SAD,b,2.6933333333333334,0.1353466666666666,6
40,Leaf,8-12D,Yes,Fungi,Photo,TrueColor,Single,1.3,50,8,SAD_r,SAD,r,0.9380579116739997,5.6825214977612045e-5,6
40,Leaf,8-12D,Yes,Fungi,Photo,TrueColor,Single,1.3,50,8,UN_a,UN,a,0.9783333333333333,0.01689666666666666,6
40,Leaf,8-12D,Yes,Fungi,Photo,TrueColor,Single,1.3,50,8,UN_b,UN,b,3.0283333333333333,2.5295766666666664,6
40,Leaf,8-12D,Yes,Fungi,Photo,TrueColor,Single,1.3,50,8,UN_r,UN,r,0.921900887614294,1.1850409917216935e-4,6
41,Leaf,1-7D,Yes,Fungi,Drawing,Black-white,Numerous,1,36,6,SAD_a,SAD,a,3.256666666666667,2.2096999999999998,9
41,Leaf,1-7D,Yes,Fungi,Drawing,Black-white,Numerous,1,36,6,SAD_b,SAD,b,0.5788888888888889,0.01396111111111111,9
41,Leaf,1-7D,Yes,Fungi,Drawing,Black-white,Numerous,1,36,6,SAD_r,SAD,r,0.6868466503024905,0.003021888839279383,9
41,Leaf,1-7D,Yes,Fungi,Drawing,Black-white,Numerous,1,36,6,UN_a,UN,a,9.124444444444444,6.869452777777777,9
41,Leaf,1-7D,Yes,Fungi,Drawing,Black-white,Numerous,1,36,6,UN_b,UN,b,0.78,0.036474999999999994,9
41,Leaf,1-7D,Yes,Fungi,Drawing,Black-white,Numerous,1,36,6,UN_r,UN,r,0.5992349575185035,0.00478214889877197,9
42,Leaf,1-7D,Yes,Fungi,Drawing,Black-gray/TrueColor,Numerous,1,52,7,SAD_a,SAD,a,2.245,1.418285714285714,8
42,Leaf,1-7D,Yes,Fungi,Drawing,Black-gray/TrueColor,Numerous,1,52,7,SAD_b,SAD,b,0.22999999999999998,1.1450285714285713,8
42,Leaf,1-7D,Yes,Fungi,Drawing,Black-gray/TrueColor,Numerous,1,52,7,SAD_r,SAD,r,0.9123869191753534,0.002914411105951024,8
42,Leaf,1-7D,Yes,Fungi,Drawing,Black-gray/TrueColor,Numerous,1,52,7,UN_a,UN,a,3.05,2.6048571428571425,8
42,Leaf,1-7D,Yes,Fungi,Drawing,Black-gray/TrueColor,Numerous,1,52,7,UN_b,UN,b,0.89,5.241257142857142,8
42,Leaf,1-7D,Yes,Fungi,Drawing,Black-gray/TrueColor,Numerous,1,52,7,UN_r,UN,r,0.8758236141135871,0.0033519965268735234,8
43,Other,8-12D,Yes,Fungi,Photo,TrueColor,Numerous,3,100,10,SAD_a,SAD,a,-2.925,1.2000722222222224,10
43,Other,8-12D,Yes,Fungi,Photo,TrueColor,Numerous,3,100,10,SAD_b,SAD,b,1.0510000000000002,0.001454444444444447,10
43,Other,8-12D,Yes,Fungi,Photo,TrueColor,Numerous,3,100,10,SAD_r,SAD,r,0.9776952989414505,1.243360308753717e-4,10
43,Other,8-12D,Yes,Fungi,Photo,TrueColor,Numerous,3,100,10,UN_a,UN,a,-0.393,17.450334444444444,10
43,Other,8-12D,Yes,Fungi,Photo,TrueColor,Numerous,3,100,10,UN_b,UN,b,1.026,0.003537777777777784,10
43,Other,8-12D,Yes,Fungi,Photo,TrueColor,Numerous,3,100,10,UN_r,UN,r,0.9637506492984135,2.0520664098494396e-4,10
44,Leaf,8-12D,Yes,Bacteria,Drawing,Two-color,Numerous,0.1,64,9,SAD_a,SAD,a,-0.034,0.7265155555555556,10
44,Leaf,8-12D,Yes,Bacteria,Drawing,Two-color,Numerous,0.1,64,9,SAD_b,SAD,b,1.142,0.006639999999999995,10
44,Leaf,8-12D,Yes,Bacteria,Drawing,Two-color,Numerous,0.1,64,9,SAD_r,SAD,r,0.9715136882227164,1.7905955099386405e-4,10
44,Leaf,8-12D,Yes,Bacteria,Drawing,Two-color,Numerous,0.1,64,9,UN_a,UN,a,4.817,35.22551222222222,10
44,Leaf,8-12D,Yes,Bacteria,Drawing,Two-color,Numerous,0.1,64,9,UN_b,UN,b,1.059,0.027254444444444442,10
44,Leaf,8-12D,Yes,Bacteria,Drawing,Two-color,Numerous,0.1,64,9,UN_r,UN,r,0.9242037172691706,0.0031638766509412184,10
45,Leaf,1-7D,Yes,Fungi,Photo,TrueColor,Few,2,48,6,SAD_a,SAD,a,1.904,2.547048888888889,10
45,Leaf,1-7D,Yes,Fungi,Photo,TrueColor,Few,2,48,6,SAD_b,SAD,b,0.915,0.005272222222222221,10
45,Leaf,1-7D,Yes,Fungi,Photo,TrueColor,Few,2,48,6,SAD_r,SAD,r,0.9298240220613484,4.7476444184123485e-4,10
45,Leaf,1-7D,Yes,Fungi,Photo,TrueColor,Few,2,48,6,UN_a,UN,a,2.895,7.734561111111112,10
45,Leaf,1-7D,Yes,Fungi,Photo,TrueColor,Few,2,48,6,UN_b,UN,b,0.805,0.008472222222222221,10
45,Leaf,1-7D,Yes,Fungi,Photo,TrueColor,Few,2,48,6,UN_r,UN,r,0.8821026450609134,0.004327692862822521,10
47,Leaf,1-7D,No,Fungi,Drawing,Black-white,Numerous,0.1,45,4,SAD_a,SAD,a,-0.19299999999999998,0.43688999999999995,10
47,Leaf,1-7D,No,Fungi,Drawing,Black-white,Numerous,0.1,45,4,SAD_b,SAD,b,0.969,0.007743333333333335,10
47,Leaf,1-7D,No,Fungi,Drawing,Black-white,Numerous,0.1,45,4,SAD_r,SAD,r,0.9847032410222478,0.0015105856892010613,10
47,Leaf,1-7D,No,Fungi,Drawing,Black-white,Numerous,0.1,45,4,UN_a,UN,a,-0.771,16.613676666666667,10
47,Leaf,1-7D,No,Fungi,Drawing,Black-white,Numerous,0.1,45,4,UN_b,UN,b,0.882,0.14704,10
47,Leaf,1-7D,No,Fungi,Drawing,Black-white,Numerous,0.1,45,4,UN_r,UN,r,0.9194736580154375,0.010631324684122681,10
50,Leaf,1-7D,Yes,Fungi,Drawing,Black-white,Numerous,1.6,38.6,6,SAD_a,SAD,a,-0.35500000000000004,2.7418,8
50,Leaf,1-7D,Yes,Fungi,Drawing,Black-white,Numerous,1.6,38.6,6,SAD_b,SAD,b,0.97,0.0062857142857142894,8
50,Leaf,1-7D,Yes,Fungi,Drawing,Black-white,Numerous,1.6,38.6,6,SAD_r,SAD,r,0.9458627714958141,3.927057122939678e-4,8
50,Leaf,1-7D,Yes,Fungi,Drawing,Black-white,Numerous,1.6,38.6,6,UN_a,UN,a,8.4175,48.055992857142854,8
50,Leaf,1-7D,Yes,Fungi,Drawing,Black-white,Numerous,1.6,38.6,6,UN_b,UN,b,1.025,0.07491428571428571,8
50,Leaf,1-7D,Yes,Fungi,Drawing,Black-white,Numerous,1.6,38.6,6,UN_r,UN,r,0.6241697606234115,0.009042411340929393,8
51,Other,8-12D,Yes,Fungi,Drawing,Black-gray,Numerous,0.1,20,8,SAD_a,SAD,a,-0.285,0.09405714285714285,8
51,Other,8-12D,Yes,Fungi,Drawing,Black-gray,Numerous,0.1,20,8,SAD_b,SAD,b,0.93625,0.01842678571428571,8
51,Other,8-12D,Yes,Fungi,Drawing,Black-gray,Numerous,0.1,20,8,SAD_r,SAD,r,0.9642829931918866,1.8092461816694833e-4,8
51,Other,8-12D,Yes,Fungi,Drawing,Black-gray,Numerous,0.1,20,8,UN_a,UN,a,4.25,8.802457142857142,8
51,Other,8-12D,Yes,Fungi,Drawing,Black-gray,Numerous,0.1,20,8,UN_b,UN,b,3.86875,0.9386410714285714,8
51,Other,8-12D,Yes,Fungi,Drawing,Black-gray,Numerous,0.1,20,8,UN_r,UN,r,0.9087344406968579,0.0019448186187071568,8
52,Leaf,1-7D,No,Fungi,Drawing,Two-color,Numerous,2.5,80,6,SAD_a,SAD,a,3.965,1.3837833333333334,10
52,Leaf,1-7D,No,Fungi,Drawing,Two-color,Numerous,2.5,80,6,SAD_b,SAD,b,1.035,0.008427777777777777,10
52,Leaf,1-7D,No,Fungi,Drawing,Two-color,Numerous,2.5,80,6,SAD_r,SAD,r,0.9493995434381761,7.116743548697545e-4,10
52,Leaf,1-7D,No,Fungi,Drawing,Two-color,Numerous,2.5,80,6,UN_a,UN,a,5.366,9.394382222222221,10
52,Leaf,1-7D,No,Fungi,Drawing,Two-color,Numerous,2.5,80,6,UN_b,UN,b,1.188,0.14130666666666666,10
52,Leaf,1-7D,No,Fungi,Drawing,Two-color,Numerous,2.5,80,6,UN_r,UN,r,0.8980590033183264,0.007211140620993507,10
53,Leaf,1-7D,No,Fungi,Drawing,Black-white,Numerous,1,40,6,SAD_a,SAD,a,1.404,1.7846933333333332,10
53,Leaf,1-7D,No,Fungi,Drawing,Black-white,Numerous,1,40,6,SAD_b,SAD,b,0.907,0.010445555555555548,10
53,Leaf,1-7D,No,Fungi,Drawing,Black-white,Numerous,1,40,6,SAD_r,SAD,r,0.9544446303644453,3.938618719726995e-5,10
53,Leaf,1-7D,No,Fungi,Drawing,Black-white,Numerous,1,40,6,UN_a,UN,a,5.9430000000000005,11.469090000000001,10
53,Leaf,1-7D,No,Fungi,Drawing,Black-white,Numerous,1,40,6,UN_b,UN,b,0.908,0.0809511111111111,10
53,Leaf,1-7D,No,Fungi,Drawing,Black-white,Numerous,1,40,6,UN_r,UN,r,0.8090819782999753,0.0015403915446648958,10
54,Leaf,1-7D,Yes,Fungi,Photo,TrueColor,Few,0.7,49,6,SAD_a,SAD,a,2.0514285714285716,2.0311809523809528,7
54,Leaf,1-7D,Yes,Fungi,Photo,TrueColor,Few,0.7,49,6,SAD_b,SAD,b,0.8785714285714286,0.005280952380952382,7
54,Leaf,1-7D,Yes,Fungi,Photo,TrueColor,Few,0.7,49,6,SAD_r,SAD,r,0.930576497409576,0.0013652795470794697,7
54,Leaf,1-7D,Yes,Fungi,Photo,TrueColor,Few,0.7,49,6,UN_a,UN,a,4.898571428571429,5.425980952380951,7
54,Leaf,1-7D,Yes,Fungi,Photo,TrueColor,Few,0.7,49,6,UN_b,UN,b,0.8485714285714285,0.01088095238095238,7
54,Leaf,1-7D,Yes,Fungi,Photo,TrueColor,Few,0.7,49,6,UN_r,UN,r,0.8897119432997143,0.0031481009414870615,7
55,Leaf,1-7D,Yes,Fungi,Drawing,Two-gray,Numerous,0.6,20,6,SAD_a,SAD,a,-0.153,0.09297888888888889,10
55,Leaf,1-7D,Yes,Fungi,Drawing,Two-gray,Numerous,0.6,20,6,SAD_b,SAD,b,0.668,0.00795111111111111,10
55,Leaf,1-7D,Yes,Fungi,Drawing,Two-gray,Numerous,0.6,20,6,SAD_r,SAD,r,0.870161216982566,9.105071771329697e-4,10
55,Leaf,1-7D,Yes,Fungi,Drawing,Two-gray,Numerous,0.6,20,6,UN_a,UN,a,1.094,1.507026666666667,10
55,Leaf,1-7D,Yes,Fungi,Drawing,Two-gray,Numerous,0.6,20,6,UN_b,UN,b,0.8089999999999999,0.9063433333333334,10
55,Leaf,1-7D,Yes,Fungi,Drawing,Two-gray,Numerous,0.6,20,6,UN_r,UN,r,0.7530860806980824,0.005401505620890467,10
56,Other,1-7D,No,Fungi,Drawing,Black-white,Numerous,2,40,6,SAD_a,SAD,a,0.701,2.5127877777777776,10
56,Other,1-7D,No,Fungi,Drawing,Black-white,Numerous,2,40,6,SAD_b,SAD,b,0.962,0.006106666666666671,10
56,Other,1-7D,No,Fungi,Drawing,Black-white,Numerous,2,40,6,SAD_r,SAD,r,0.9627692897415198,8.36608117884143e-5,10
56,Other,1-7D,No,Fungi,Drawing,Black-white,Numerous,2,40,6,UN_a,UN,a,3.1879999999999997,18.51895111111111,10
56,Other,1-7D,No,Fungi,Drawing,Black-white,Numerous,2,40,6,UN_b,UN,b,1.082,0.1300177777777778,10
56,Other,1-7D,No,Fungi,Drawing,Black-white,Numerous,2,40,6,UN_r,UN,r,0.8371591813834729,0.0012938944726149733,10
57,Leaf,1-7D,Yes,Fungi,Photo,TrueColor,Numerous,1.1,39.7,7,SAD_a,SAD,a,-0.395,1.2324277777777777,10
57,Leaf,1-7D,Yes,Fungi,Photo,TrueColor,Numerous,1.1,39.7,7,SAD_b,SAD,b,0.876,0.009404444444444444,10
57,Leaf,1-7D,Yes,Fungi,Photo,TrueColor,Numerous,1.1,39.7,7,SAD_r,SAD,r,0.8459952845191304,0.002546642857106297,10
57,Leaf,1-7D,Yes,Fungi,Photo,TrueColor,Numerous,1.1,39.7,7,UN_a,UN,a,-0.20900000000000007,41.302187777777775,10
57,Leaf,1-7D,Yes,Fungi,Photo,TrueColor,Numerous,1.1,39.7,7,UN_b,UN,b,1.295,0.1827833333333333,10
57,Leaf,1-7D,Yes,Fungi,Photo,TrueColor,Numerous,1.1,39.7,7,UN_r,UN,r,0.774470137687595,0.005773339811286236,10
58,Other,8-12D,No,Fungi,Drawing,Gray scale,Few,1,80,8,SAD_a,SAD,a,0.995,5.660427272727272,12
58,Other,8-12D,No,Fungi,Drawing,Gray scale,Few,1,80,8,SAD_b,SAD,b,0.9958333333333333,5.356060606060615e-4,12
58,Other,8-12D,No,Fungi,Drawing,Gray scale,Few,1,80,8,SAD_r,SAD,r,0.9784828414247917,7.781349519911835e-5,12
58,Other,8-12D,No,Fungi,Drawing,Gray scale,Few,1,80,8,UN_a,UN,a,3.2791666666666663,13.600553787878788,12
58,Other,8-12D,No,Fungi,Drawing,Gray scale,Few,1,80,8,UN_b,UN,b,1.0425,0.0070022727272727285,12
58,Other,8-12D,No,Fungi,Drawing,Gray scale,Few,1,80,8,UN_r,UN,r,0.9750675843683633,8.349736077606399e-5,12
59,Leaf,8-12D,Yes,Fungi,Photo,TrueColor,Numerous,1,79,8,SAD_a,SAD,a,1.576,5.3759822222222216,10
59,Leaf,8-12D,Yes,Fungi,Photo,TrueColor,Numerous,1,79,8,SAD_b,SAD,b,0.989,0.0031433333333333343,10
59,Leaf,8-12D,Yes,Fungi,Photo,TrueColor,Numerous,1,79,8,SAD_r,SAD,r,0.9797472772032481,1.0585868091302692e-4,10
59,Leaf,8-12D,Yes,Fungi,Photo,TrueColor,Numerous,1,79,8,UN_a,UN,a,4.69,56.87755555555556,10
59,Leaf,8-12D,Yes,Fungi,Photo,TrueColor,Numerous,1,79,8,UN_b,UN,b,1.112,0.025840000000000002,10
59,Leaf,8-12D,Yes,Fungi,Photo,TrueColor,Numerous,1,79,8,UN_r,UN,r,0.9616277353512778,3.0233178130316635e-4,10
60,Other,8-12D,No,Fungi,Drawing,Gray scale,Numerous,0.4,65,10,SAD_a,SAD,a,0.11499999999999999,0.5020857142857142,8
60,Other,8-12D,No,Fungi,Drawing,Gray scale,Numerous,0.4,65,10,SAD_b,SAD,b,0.98125,0.0013267857142857148,8
60,Other,8-12D,No,Fungi,Drawing,Gray scale,Numerous,0.4,65,10,SAD_r,SAD,r,0.9746077179456576,1.5976699515131906e-4,8
60,Other,8-12D,No,Fungi,Drawing,Gray scale,Numerous,0.4,65,10,UN_a,UN,a,2.4587499999999998,3.8634410714285714,8
60,Other,8-12D,No,Fungi,Drawing,Gray scale,Numerous,0.4,65,10,UN_b,UN,b,0.7025,0.04947857142857143,8
60,Other,8-12D,No,Fungi,Drawing,Gray scale,Numerous,0.4,65,10,UN_r,UN,r,0.8627745866120647,0.003565728795863775,8
61,Leaf,1-7D,Yes,Fungi,Photo,TrueColor,Numerous,0.3,46,7,SAD_a,SAD,a,1.6271428571428572,0.3113904761904762,7
61,Leaf,1-7D,Yes,Fungi,Photo,TrueColor,Numerous,0.3,46,7,SAD_b,SAD,b,0.8914285714285715,0.007980952380952382,7
61,Leaf,1-7D,Yes,Fungi,Photo,TrueColor,Numerous,0.3,46,7,SAD_r,SAD,r,0.9214052127941933,0.0011811728083019593,7
61,Leaf,1-7D,Yes,Fungi,Photo,TrueColor,Numerous,0.3,46,7,UN_a,UN,a,11.165714285714285,82.9925619047619,7
61,Leaf,1-7D,Yes,Fungi,Photo,TrueColor,Numerous,0.3,46,7,UN_b,UN,b,1.1628571428571428,0.0778238095238095,7
61,Leaf,1-7D,Yes,Fungi,Photo,TrueColor,Numerous,0.3,46,7,UN_r,UN,r,0.6588207029050198,0.04361449499435826,7
63,Leaf,1-7D,Yes,Fungi,Drawing,Black-gray,Numerous,0.3,40,7,SAD_a,SAD,a,-0.3277777777777778,0.16771944444444445,9
63,Leaf,1-7D,Yes,Fungi,Drawing,Black-gray,Numerous,0.3,40,7,SAD_b,SAD,b,1.0544444444444445,0.01147777777777777,9
63,Leaf,1-7D,Yes,Fungi,Drawing,Black-gray,Numerous,0.3,40,7,SAD_r,SAD,r,0.9613562741485776,2.6837842456036375e-4,9
63,Leaf,1-7D,Yes,Fungi,Drawing,Black-gray,Numerous,0.3,40,7,UN_a,UN,a,4.7588888888888885,12.68441111111111,9
63,Leaf,1-7D,Yes,Fungi,Drawing,Black-gray,Numerous,0.3,40,7,UN_b,UN,b,1.3855555555555557,0.13517777777777776,9
63,Leaf,1-7D,Yes,Fungi,Drawing,Black-gray,Numerous,0.3,40,7,UN_r,UN,r,0.9141391610240386,0.0011432935675501957,9
65,Leaf,8-12D,No,Fungi,Photo,TrueColor,Numerous,0.1,83,11,SAD_a,SAD,a,2.1533333333333333,3.8466606060606057,12
65,Leaf,8-12D,No,Fungi,Photo,TrueColor,Numerous,0.1,83,11,SAD_b,SAD,b,0.9733333333333333,8.060606060606075e-4,12
65,Leaf,8-12D,No,Fungi,Photo,TrueColor,Numerous,0.1,83,11,SAD_r,SAD,r,0.9694494231974466,1.8307184960496552e-4,12
65,Leaf,8-12D,No,Fungi,Photo,TrueColor,Numerous,0.1,83,11,UN_a,UN,a,7.928333333333334,75.604906060606055,12
65,Leaf,8-12D,No,Fungi,Photo,TrueColor,Numerous,0.1,83,11,UN_b,UN,b,1.0975,0.01620227272727273,12
65,Leaf,8-12D,No,Fungi,Photo,TrueColor,Numerous,0.1,83,11,UN_r,UN,r,0.9200985197511045,0.0010022334019924653,12
66,Leaf,8-12D,No,Fungi,Drawing,Two-color,Numerous,0.1,100,10,SAD_a,SAD,a,0.6416666666666666,2.541069696969697,12
66,Leaf,8-12D,No,Fungi,Drawing,Two-color,Numerous,0.1,100,10,SAD_b,SAD,b,0.9333333333333333,0.001478787878787878,12
66,Leaf,8-12D,No,Fungi,Drawing,Two-color,Numerous,0.1,100,10,SAD_r,SAD,r,0.9819056752352732,3.0449026286129458e-5,12
66,Leaf,8-12D,No,Fungi,Drawing,Two-color,Numerous,0.1,100,10,UN_a,UN,a,9.374166666666666,39.34335378787878,12
66,Leaf,8-12D,No,Fungi,Drawing,Two-color,Numerous,0.1,100,10,UN_b,UN,b,0.7983333333333333,0.004233333333333333,12
66,Leaf,8-12D,No,Fungi,Drawing,Two-color,Numerous,0.1,100,10,UN_r,UN,r,0.9357944209590124,0.0010423291294399243,12
68,Leaf,8-12D,Yes,Fungi,Drawing,TrueColor,Numerous,0.06,45,9,SAD_a,SAD,a,0.7825,0.56765,8
68,Leaf,8-12D,Yes,Fungi,Drawing,TrueColor,Numerous,0.06,45,9,SAD_b,SAD,b,0.88125,0.011698214285714286,8
68,Leaf,8-12D,Yes,Fungi,Drawing,TrueColor,Numerous,0.06,45,9,SAD_r,SAD,r,0.9545128860413783,1.7731472109588388e-4,8
68,Leaf,8-12D,Yes,Fungi,Drawing,TrueColor,Numerous,0.06,45,9,UN_a,UN,a,2.16375,7.502626785714286,8
68,Leaf,8-12D,Yes,Fungi,Drawing,TrueColor,Numerous,0.06,45,9,UN_b,UN,b,1.0775,0.12370714285714286,8
68,Leaf,8-12D,Yes,Fungi,Drawing,TrueColor,Numerous,0.06,45,9,UN_r,UN,r,0.9076004285903406,0.0014416708830057004,8
71,Leaf,1-7D,Yes,Fungi,Drawing,Black-gray,Numerous,1.36,48.34,6,SAD_a,SAD,a,3.5233333333333334,8.259633333333333,3
71,Leaf,1-7D,Yes,Fungi,Drawing,Black-gray,Numerous,1.36,48.34,6,SAD_b,SAD,b,0.7166666666666667,0.03083333333333333,3
71,Leaf,1-7D,Yes,Fungi,Drawing,Black-gray,Numerous,1.36,48.34,6,SAD_r,SAD,r,0.9182748737125804,1.568844622167013e-4,3
71,Leaf,1-7D,Yes,Fungi,Drawing,Black-gray,Numerous,1.36,48.34,6,UN_a,UN,a,4.033333333333333,9.672233333333335,3
71,Leaf,1-7D,Yes,Fungi,Drawing,Black-gray,Numerous,1.36,48.34,6,UN_b,UN,b,0.54,0.009100000000000004,3
71,Leaf,1-7D,Yes,Fungi,Drawing,Black-gray,Numerous,1.36,48.34,6,UN_r,UN,r,0.8939207413604412,0.001358562248398881,3
71,Leaf,1-7D,Yes,Fungi,Drawing,Black-gray,Numerous,3,84,6,SAD_a,SAD,a,1.225,1.8773666666666666,4
71,Leaf,1-7D,Yes,Fungi,Drawing,Black-gray,Numerous,3,84,6,SAD_b,SAD,b,0.89,0.024466666666666657,4
71,Leaf,1-7D,Yes,Fungi,Drawing,Black-gray,Numerous,3,84,6,SAD_r,SAD,r,0.973277030826462,3.090950208348747e-4,4
71,Leaf,1-7D,Yes,Fungi,Drawing,Black-gray,Numerous,3,84,6,UN_a,UN,a,2.9925,10.014825,4
71,Leaf,1-7D,Yes,Fungi,Drawing,Black-gray,Numerous,3,84,6,UN_b,UN,b,1.0275,6.916666666666679e-4,4
71,Leaf,1-7D,Yes,Fungi,Drawing,Black-gray,Numerous,3,84,6,UN_r,UN,r,0.951253873986275,1.5475630147182556e-4,4
72,Leaf,8-12D,No,Fungi,Drawing,Two-color,Numerous,0.1,72,10,SAD_a,SAD,a,0.6733333333333333,2.7277151515151514,12
72,Leaf,8-12D,No,Fungi,Drawing,Two-color,Numerous,0.1,72,10,SAD_b,SAD,b,0.9916666666666667,0.0020878787878787896,12
72,Leaf,8-12D,No,Fungi,Drawing,Two-color,Numerous,0.1,72,10,SAD_r,SAD,r,0.9759179340676687,9.183923464749299e-5,12
72,Leaf,8-12D,No,Fungi,Drawing,Two-color,Numerous,0.1,72,10,UN_a,UN,a,2.5141666666666667,32.70813560606061,12
72,Leaf,8-12D,No,Fungi,Drawing,Two-color,Numerous,0.1,72,10,UN_b,UN,b,1.1825,0.04691136363636363,12
72,Leaf,8-12D,No,Fungi,Drawing,Two-color,Numerous,0.1,72,10,UN_r,UN,r,0.9454204678382729,3.783334463212181e-4,12
73,Leaf,8-12D,Yes,Bacteria,Photo,TrueColor,Few,0.4,45.1,23,SAD_a,SAD,a,0.05399999999999999,0.5028933333333333,10
73,Leaf,8-12D,Yes,Bacteria,Photo,TrueColor,Few,0.4,45.1,23,SAD_b,SAD,b,0.818,0.024839999999999987,10
73,Leaf,8-12D,Yes,Bacteria,Photo,TrueColor,Few,0.4,45.1,23,SAD_r,SAD,r,0.9458622388702084,3.829167549298963e-4,10
73,Leaf,8-12D,Yes,Bacteria,Photo,TrueColor,Few,0.4,45.1,23,UN_a,UN,a,3.146,3.3298933333333336,10
73,Leaf,8-12D,Yes,Bacteria,Photo,TrueColor,Few,0.4,45.1,23,UN_b,UN,b,1.179,0.03405444444444444,10
73,Leaf,8-12D,Yes,Bacteria,Photo,TrueColor,Few,0.4,45.1,23,UN_r,UN,r,0.9431957788339993,4.2413643302822285e-4,10
75,Leaf,1-7D,Yes,Oomycete,Drawing,Black-white,Few,1,75,7,SAD_a,SAD,a,-0.7925,8.285792857142857,8
75,Leaf,1-7D,Yes,Oomycete,Drawing,Black-white,Few,1,75,7,SAD_b,SAD,b,0.9925,0.003907142857142861,8
75,Leaf,1-7D,Yes,Oomycete,Drawing,Black-white,Few,1,75,7,SAD_r,SAD,r,0.965490968233534,3.7393172511220675e-4,8
75,Leaf,1-7D,Yes,Oomycete,Drawing,Black-white,Few,1,75,7,UN_a,UN,a,0.39,9.870085714285715,8
75,Leaf,1-7D,Yes,Oomycete,Drawing,Black-white,Few,1,75,7,UN_b,UN,b,0.96,0.021857142857142853,8
75,Leaf,1-7D,Yes,Oomycete,Drawing,Black-white,Few,1,75,7,UN_r,UN,r,0.9422973194612053,9.437276985452159e-4,8
75,Leaf,1-7D,Yes,Oomycete,Drawing,Two-color,Few,1,75,7,SAD_a,SAD,a,0.47250000000000003,14.975164285714287,8
75,Leaf,1-7D,Yes,Oomycete,Drawing,Two-color,Few,1,75,7,SAD_b,SAD,b,0.99,0.0035714285714285735,8
75,Leaf,1-7D,Yes,Oomycete,Drawing,Two-color,Few,1,75,7,SAD_r,SAD,r,0.9688233780028839,1.5001398294988238e-4,8
75,Leaf,1-7D,Yes,Oomycete,Drawing,Two-color,Few,1,75,7,UN_a,UN,a,0.39,9.870085714285715,8
75,Leaf,1-7D,Yes,Oomycete,Drawing,Two-color,Few,1,75,7,UN_b,UN,b,0.96,0.021857142857142853,8
75,Leaf,1-7D,Yes,Oomycete,Drawing,Two-color,Few,1,75,7,UN_r,UN,r,0.9422973194612053,9.437276985452159e-4,8
76,Leaf,8-12D,Yes,Fungi,Drawing,TrueColor,Few,0.95,83.84,8,SAD_a,SAD,a,0.9525,6.249999999999987e-4,4
76,Leaf,8-12D,Yes,Fungi,Drawing,TrueColor,Few,0.95,83.84,8,SAD_b,SAD,b,-0.79,2.739266666666667,4
76,Leaf,8-12D,Yes,Fungi,Drawing,TrueColor,Few,0.95,83.84,8,SAD_r,SAD,r,0.9498800801250739,3.037778421108998e-4,4
76,Leaf,8-12D,Yes,Fungi,Drawing,TrueColor,Few,0.95,83.84,8,UN_a,UN,a,0.8075,0.005558333333333335,4
76,Leaf,8-12D,Yes,Fungi,Drawing,TrueColor,Few,0.95,83.84,8,UN_b,UN,b,1.9225,2.4058916666666668,4
76,Leaf,8-12D,Yes,Fungi,Drawing,TrueColor,Few,0.95,83.84,8,UN_r,UN,r,0.9362196193386716,0.0013237658204705782,4
76,Leaf,8-12D,Yes,Fungi,Drawing,Two-color,Few,1.84,83.75,8,SAD_a,SAD,a,0.9125,4.916666666666655e-4,4
76,Leaf,8-12D,Yes,Fungi,Drawing,Two-color,Few,1.84,83.75,8,SAD_b,SAD,b,0.875,0.3695,4
76,Leaf,8-12D,Yes,Fungi,Drawing,Two-color,Few,1.84,83.75,8,SAD_r,SAD,r,0.9472876634198935,1.9477697663825783e-4,4
76,Leaf,8-12D,Yes,Fungi,Drawing,Two-color,Few,1.84,83.75,8,UN_a,UN,a,0.8625,4.2500000000000074e-4,4
76,Leaf,8-12D,Yes,Fungi,Drawing,Two-color,Few,1.84,83.75,8,UN_b,UN,b,1.9675,0.10709166666666671,4
76,Leaf,8-12D,Yes,Fungi,Drawing,Two-color,Few,1.84,83.75,8,UN_r,UN,r,0.904068274338031,2.14073780606148e-4,4
77,Other,8-12D,No,Fungi,Drawing,Black-white,Few,2,98,8,SAD_a,SAD,a,-2.608,12.704774736842106,20
77,Other,8-12D,No,Fungi,Drawing,Black-white,Few,2,98,8,SAD_b,SAD,b,0.967,0.004222105263157897,20
77,Other,8-12D,No,Fungi,Drawing,Black-white,Few,2,98,8,SAD_r,SAD,r,0.9619758410245001,1.078750370586704e-4,20
77,Other,8-12D,No,Fungi,Drawing,Black-white,Few,2,98,8,UN_a,UN,a,0.06450000000000002,38.383815526315786,20
77,Other,8-12D,No,Fungi,Drawing,Black-white,Few,2,98,8,UN_b,UN,b,0.896,0.007256842105263157,20
77,Other,8-12D,No,Fungi,Drawing,Black-white,Few,2,98,8,UN_r,UN,r,0.9182161035506009,0.0030307233477390827,20
78,Leaf,1-7D,No,Fungi,Drawing,Black-white,Numerous,0.5,36,7,SAD_a,SAD,a,2.213157894736842,7.8018561403508775,19
78,Leaf,1-7D,No,Fungi,Drawing,Black-white,Numerous,0.5,36,7,SAD_b,SAD,b,0.9410526315789474,0.020743274853801168,19
78,Leaf,1-7D,No,Fungi,Drawing,Black-white,Numerous,0.5,36,7,SAD_r,SAD,r,0.9006128444075912,0.0032796436262940948,19
78,Leaf,1-7D,No,Fungi,Drawing,Black-white,Numerous,0.5,36,7,UN_a,UN,a,1.6378947368421053,20.780261988304094,19
78,Leaf,1-7D,No,Fungi,Drawing,Black-white,Numerous,0.5,36,7,UN_b,UN,b,1.7052631578947368,0.3654040935672515,19
78,Leaf,1-7D,No,Fungi,Drawing,Black-white,Numerous,0.5,36,7,UN_r,UN,r,0.8856269345410407,0.002646317971852598,19
78,Leaf,1-7D,No,Fungi,Photo,TrueColor,Numerous,0.5,36,7,SAD_a,SAD,a,2.4135,3.689645,20
78,Leaf,1-7D,No,Fungi,Photo,TrueColor,Numerous,0.5,36,7,SAD_b,SAD,b,1.0355,0.018152368421052636,20
78,Leaf,1-7D,No,Fungi,Photo,TrueColor,Numerous,0.5,36,7,SAD_r,SAD,r,0.9071332091185065,0.001694043067747442,20
78,Leaf,1-7D,No,Fungi,Photo,TrueColor,Numerous,0.5,36,7,UN_a,UN,a,2.7635,25.613918684210528,20
78,Leaf,1-7D,No,Fungi,Photo,TrueColor,Numerous,0.5,36,7,UN_b,UN,b,1.847,0.35027473684210525,20
78,Leaf,1-7D,No,Fungi,Photo,TrueColor,Numerous,0.5,36,7,UN_r,UN,r,0.8741992597278317,0.0023954255698010077,20
80,Leaf,8-12D,Yes,Fungi,Drawing,Black-white,Few,0.5,96,8,SAD_a,SAD,a,1.03125,10.9980125,8
80,Leaf,8-12D,Yes,Fungi,Drawing,Black-white,Few,0.5,96,8,SAD_b,SAD,b,0.97875,0.0016982142857142868,8
80,Leaf,8-12D,Yes,Fungi,Drawing,Black-white,Few,0.5,96,8,SAD_r,SAD,r,0.9810517542988378,4.2806156768838806e-5,8
80,Leaf,8-12D,Yes,Fungi,Drawing,Black-white,Few,0.5,96,8,UN_a,UN,a,2.90625,36.11485535714286,8
80,Leaf,8-12D,Yes,Fungi,Drawing,Black-white,Few,0.5,96,8,UN_b,UN,b,1.01875,0.006498214285714284,8
80,Leaf,8-12D,Yes,Fungi,Drawing,Black-white,Few,0.5,96,8,UN_r,UN,r,0.9790879991468886,1.562170589054946e-4,8
81,Leaf,1-7D,No,Fungi,Drawing,Three-gray,Numerous,1,60,6,SAD_a,SAD,a,1.4175,9.347967741935484,32
81,Leaf,1-7D,No,Fungi,Drawing,Three-gray,Numerous,1,60,6,SAD_b,SAD,b,0.9321875,0.0058886088709677415,32
81,Leaf,1-7D,No,Fungi,Drawing,Three-gray,Numerous,1,60,6,SAD_r,SAD,r,0.9169328628010679,0.0011449033449681344,32
81,Leaf,1-7D,No,Fungi,Drawing,Three-gray,Numerous,1,60,6,UN_a,UN,a,3.36625,23.064643548387096,32
81,Leaf,1-7D,No,Fungi,Drawing,Three-gray,Numerous,1,60,6,UN_b,UN,b,0.9884375,0.055897479838709685,32
81,Leaf,1-7D,No,Fungi,Drawing,Three-gray,Numerous,1,60,6,UN_r,UN,r,0.8533636332466128,0.0031179452409192043,32
86,Leaf,8-12D,No,Fungi,Drawing,Two-color,Numerous,0.1,39.9,8,SAD_a,SAD,a,0.911,0.3034726315789473,20
86,Leaf,8-12D,No,Fungi,Drawing,Two-color,Numerous,0.1,39.9,8,SAD_b,SAD,b,0.889,0.0062621052631578935,20
86,Leaf,8-12D,No,Fungi,Drawing,Two-color,Numerous,0.1,39.9,8,SAD_r,SAD,r,0.9593119517094907,7.585045340291882e-4,20
86,Leaf,8-12D,No,Fungi,Drawing,Two-color,Numerous,0.1,39.9,8,UN_a,UN,a,4.7505,19.839899736842106,20
86,Leaf,8-12D,No,Fungi,Drawing,Two-color,Numerous,0.1,39.9,8,UN_b,UN,b,1.2974999999999999,0.3430302631578947,20
86,Leaf,8-12D,No,Fungi,Drawing,Two-color,Numerous,0.1,39.9,8,UN_r,UN,r,0.9158557268690165,0.0017981974328688632,20
88,Leaf,8-12D,Yes,Fungi,Drawing,TrueColor,Numerous,0.5,46.9,11,SAD_a,SAD,a,1.0033333333333334,0.6879066666666667,6
88,Leaf,8-12D,Yes,Fungi,Drawing,TrueColor,Numerous,0.5,46.9,11,SAD_b,SAD,b,0.9466666666666667,0.009906666666666668,6
88,Leaf,8-12D,Yes,Fungi,Drawing,TrueColor,Numerous,0.5,46.9,11,SAD_r,SAD,r,0.8932278020596831,5.72912353153032e-4,6
88,Leaf,8-12D,Yes,Fungi,Drawing,TrueColor,Numerous,0.5,46.9,11,UN_a,UN,a,5.211666666666667,10.242776666666666,6
88,Leaf,8-12D,Yes,Fungi,Drawing,TrueColor,Numerous,0.5,46.9,11,UN_b,UN,b,1.57,0.46507999999999994,6
88,Leaf,8-12D,Yes,Fungi,Drawing,TrueColor,Numerous,0.5,46.9,11,UN_r,UN,r,0.7651165901434746,0.017515924184666857,6
89,Leaf,8-12D,No,Fungi,Drawing,TrueColor,Numerous,0.1,60,8,SAD_a,SAD,a,-0.06285714285714285,1.469421978021978,14
89,Leaf,8-12D,No,Fungi,Drawing,TrueColor,Numerous,0.1,60,8,SAD_b,SAD,b,0.9114285714285715,0.009428571428571425,14
89,Leaf,8-12D,No,Fungi,Drawing,TrueColor,Numerous,0.1,60,8,SAD_r,SAD,r,0.9473266958920541,4.62295192570068e-4,14
89,Leaf,8-12D,No,Fungi,Drawing,TrueColor,Numerous,0.1,60,8,UN_a,UN,a,-3.210714285714286,1.7574225274725273,14
89,Leaf,8-12D,No,Fungi,Drawing,TrueColor,Numerous,0.1,60,8,UN_b,UN,b,0.8242857142857143,0.07562637362637363,14
89,Leaf,8-12D,No,Fungi,Drawing,TrueColor,Numerous,0.1,60,8,UN_r,UN,r,0.9208451672868518,6.629607986382088e-4,14
92,Leaf,8-12D,Yes,Fungi,Photo,TrueColor,Numerous,0.3,48.7,12,SAD_a,SAD,a,1.1966666666666668,1.4175066666666667,6
92,Leaf,8-12D,Yes,Fungi,Photo,TrueColor,Numerous,0.3,48.7,12,SAD_b,SAD,b,0.9833333333333334,0.008786666666666672,6
92,Leaf,8-12D,Yes,Fungi,Photo,TrueColor,Numerous,0.3,48.7,12,SAD_r,SAD,r,0.9311888924113076,0.0014646959797624886,6
92,Leaf,8-12D,Yes,Fungi,Photo,TrueColor,Numerous,0.3,48.7,12,UN_a,UN,a,14.441666666666666,70.63485666666666,6
92,Leaf,8-12D,Yes,Fungi,Photo,TrueColor,Numerous,0.3,48.7,12,UN_b,UN,b,1.57,0.15267999999999998,6
92,Leaf,8-12D,Yes,Fungi,Photo,TrueColor,Numerous,0.3,48.7,12,UN_r,UN,r,0.8393762570723406,0.0025369988758735225,6
96,Leaf,1-7D,Yes,Bacteria,Drawing,Two-color,Few,0.05,17.7,6,SAD_a,SAD,a,0.12333333333333334,0.04346060606060606,12
96,Leaf,1-7D,Yes,Bacteria,Drawing,Two-color,Few,0.05,17.7,6,SAD_b,SAD,b,0.9708333333333333,0.007153787878787875,12
96,Leaf,1-7D,Yes,Bacteria,Drawing,Two-color,Few,0.05,17.7,6,SAD_r,SAD,r,0.9766841752921249,2.778418915729123e-4,12
96,Leaf,1-7D,Yes,Bacteria,Drawing,Two-color,Few,0.05,17.7,6,UN_a,UN,a,2.080833333333333,4.62268106060606,12
96,Leaf,1-7D,Yes,Bacteria,Drawing,Two-color,Few,0.05,17.7,6,UN_b,UN,b,0.8008333333333333,0.20440833333333336,12
96,Leaf,1-7D,Yes,Bacteria,Drawing,Two-color,Few,0.05,17.7,6,UN_r,UN,r,0.635361661365962,0.01779879192685602,12
96,Leaf,1-7D,Yes,Bacteria,Drawing,Two-color,Few,0.1,19.1,6,SAD_a,SAD,a,0.11916666666666667,0.028517424242424243,12
96,Leaf,1-7D,Yes,Bacteria,Drawing,Two-color,Few,0.1,19.1,6,SAD_b,SAD,b,0.9616666666666667,0.0014151515151515164,12
96,Leaf,1-7D,Yes,Bacteria,Drawing,Two-color,Few,0.1,19.1,6,SAD_r,SAD,r,0.979303294224905,1.436995493625975e-4,12
96,Leaf,1-7D,Yes,Bacteria,Drawing,Two-color,Few,0.1,19.1,6,UN_a,UN,a,2.3108333333333335,6.07017196969697,12
96,Leaf,1-7D,Yes,Bacteria,Drawing,Two-color,Few,0.1,19.1,6,UN_b,UN,b,0.495,0.032354545454545455,12
96,Leaf,1-7D,Yes,Bacteria,Drawing,Two-color,Few,0.1,19.1,6,UN_r,UN,r,0.44956365048509406,0.006791844540926754,12
101,Other,8-12D,Yes,Fungi,Photo,TrueColor,Few,2.8,72,13,SAD_a,SAD,a,0.44571428571428573,0.02312857142857143,7
101,Other,8-12D,Yes,Fungi,Photo,TrueColor,Few,2.8,72,13,SAD_b,SAD,b,1.0014285714285713,1.1428571428571449e-4,7
101,Other,8-12D,Yes,Fungi,Photo,TrueColor,Few,2.8,72,13,SAD_r,SAD,r,0.9848595505357095,6.027667170022867e-5,7
101,Other,8-12D,Yes,Fungi,Photo,TrueColor,Few,2.8,72,13,UN_a,UN,a,0.5514285714285715,13.570347619047618,7
101,Other,8-12D,Yes,Fungi,Photo,TrueColor,Few,2.8,72,13,UN_b,UN,b,1.1814285714285715,0.008147619047619044,7
101,Other,8-12D,Yes,Fungi,Photo,TrueColor,Few,2.8,72,13,UN_r,UN,r,0.9347659493620797,5.813898987447907e-4,7
101,Other,8-12D,Yes,Fungi,Photo,TrueColor,Single,2.4,70,13,SAD_a,SAD,a,1.1442857142857144,0.27936190476190476,7
101,Other,8-12D,Yes,Fungi,Photo,TrueColor,Single,2.4,70,13,SAD_b,SAD,b,0.9757142857142856,8.952380952380968e-4,7
101,Other,8-12D,Yes,Fungi,Photo,TrueColor,Single,2.4,70,13,SAD_r,SAD,r,0.9804852836961931,9.004319772827895e-5,7
101,Other,8-12D,Yes,Fungi,Photo,TrueColor,Single,2.4,70,13,UN_a,UN,a,0.5514285714285715,13.570347619047618,7
101,Other,8-12D,Yes,Fungi,Photo,TrueColor,Single,2.4,70,13,UN_b,UN,b,1.1814285714285715,0.008147619047619044,7
101,Other,8-12D,Yes,Fungi,Photo,TrueColor,Single,2.4,70,13,UN_r,UN,r,0.9347659493620797,5.813898987447907e-4,7
102,Leaf,1-7D,Yes,Fungi,Photo,TrueColor,Numerous,2,70,5,SAD_a,SAD,a,0.9662499999999999,0.6937125,8
102,Leaf,1-7D,Yes,Fungi,Photo,TrueColor,Numerous,2,70,5,SAD_b,SAD,b,1.05375,0.0023125000000000042,8
102,Leaf,1-7D,Yes,Fungi,Photo,TrueColor,Numerous,2,70,5,SAD_r,SAD,r,0.9498378847869433,3.5199156967465414e-4,8
102,Leaf,1-7D,Yes,Fungi,Photo,TrueColor,Numerous,2,70,5,UN_a,UN,a,2.9125,12.920564285714287,8
102,Leaf,1-7D,Yes,Fungi,Photo,TrueColor,Numerous,2,70,5,UN_b,UN,b,0.9612499999999999,0.026069642857142857,8
102,Leaf,1-7D,Yes,Fungi,Photo,TrueColor,Numerous,2,70,5,UN_r,UN,r,0.8880518213323224,0.004415957289537042,8
102,Other,1-7D,Yes,Fungi,Photo,TrueColor,Numerous,3,87,5,SAD_a,SAD,a,-0.14125000000000001,1.6217553571428571,8
102,Other,1-7D,Yes,Fungi,Photo,TrueColor,Numerous,3,87,5,SAD_b,SAD,b,1.0825,0.001564285714285712,8
102,Other,1-7D,Yes,Fungi,Photo,TrueColor,Numerous,3,87,5,SAD_r,SAD,r,0.9459845988616523,1.293013903527684e-4,8
102,Other,1-7D,Yes,Fungi,Photo,TrueColor,Numerous,3,87,5,UN_a,UN,a,4.8925,12.408278571428573,8
102,Other,1-7D,Yes,Fungi,Photo,TrueColor,Numerous,3,87,5,UN_b,UN,b,0.97875,0.014298214285714293,8
102,Other,1-7D,Yes,Fungi,Photo,TrueColor,Numerous,3,87,5,UN_r,UN,r,0.8946851307235214,0.0023297335568404267,8
105,Leaf,8-12D,No,Fungi,Drawing,Black-gray,Few,0.5,32,8,SAD_a,SAD,a,1.638,0.82664,10
105,Leaf,8-12D,No,Fungi,Drawing,Black-gray,Few,0.5,32,8,SAD_b,SAD,b,0.984,0.03316,10
105,Leaf,8-12D,No,Fungi,Drawing,Black-gray,Few,0.5,32,8,SAD_r,SAD,r,0.9811132772734152,1.8596842020757846e-5,10
105,Leaf,8-12D,No,Fungi,Drawing,Black-gray,Few,0.5,32,8,UN_a,UN,a,2.346,5.5073155555555555,10
105,Leaf,8-12D,No,Fungi,Drawing,Black-gray,Few,0.5,32,8,UN_b,UN,b,0.804,0.03602666666666667,10
105,Leaf,8-12D,No,Fungi,Drawing,Black-gray,Few,0.5,32,8,UN_r,UN,r,0.8885629214637878,8.399273330426658e-4,10
106,Leaf,8-12D,Yes,Bacteria,Photo,TrueColor,Few,0,48.83,25,SAD_a,SAD,a,0.328,0.17646222222222221,10
106,Leaf,8-12D,Yes,Bacteria,Photo,TrueColor,Few,0,48.83,25,SAD_b,SAD,b,0.96,0.005311111111111111,10
106,Leaf,8-12D,Yes,Bacteria,Photo,TrueColor,Few,0,48.83,25,SAD_r,SAD,r,0.9256185225128014,0.0013670564235761058,10
106,Leaf,8-12D,Yes,Bacteria,Photo,TrueColor,Few,0,48.83,25,UN_a,UN,a,1.112,0.26026222222222223,10
106,Leaf,8-12D,Yes,Bacteria,Photo,TrueColor,Few,0,48.83,25,UN_b,UN,b,0.893,0.04393444444444445,10
106,Leaf,8-12D,Yes,Bacteria,Photo,TrueColor,Few,0,48.83,25,UN_r,UN,r,0.880865930422471,0.002305791801060584,10
108,Other,8-12D,Yes,Fungi,Drawing,Black-gray,Single,0.3,70,8,SAD_a,SAD,a,-0.6641666666666667,0.9849719696969698,12
108,Other,8-12D,Yes,Fungi,Drawing,Black-gray,Single,0.3,70,8,SAD_b,SAD,b,1.0883333333333334,0.025106060606060604,12
108,Other,8-12D,Yes,Fungi,Drawing,Black-gray,Single,0.3,70,8,SAD_r,SAD,r,0.8876433222598544,4.61089942714494e-4,12
108,Other,8-12D,Yes,Fungi,Drawing,Black-gray,Single,0.3,70,8,UN_a,UN,a,0.2875,7.218947727272728,12
108,Other,8-12D,Yes,Fungi,Drawing,Black-gray,Single,0.3,70,8,UN_b,UN,b,1.1266666666666667,0.1877333333333333,12
108,Other,8-12D,Yes,Fungi,Drawing,Black-gray,Single,0.3,70,8,UN_r,UN,r,0.7610026590443307,0.01277267592086345,12
110,Leaf,8-12D,No,Fungi,Drawing,Two-color,Numerous,0.37,74,8,SAD_a,SAD,a,0.46375,0.057912500000000006,8
110,Leaf,8-12D,No,Fungi,Drawing,Two-color,Numerous,0.37,74,8,SAD_b,SAD,b,0.99875,9.83928571428573e-4,8
110,Leaf,8-12D,No,Fungi,Drawing,Two-color,Numerous,0.37,74,8,SAD_r,SAD,r,0.9810286995128654,9.450369382397032e-5,8
110,Leaf,8-12D,No,Fungi,Drawing,Two-color,Numerous,0.37,74,8,UN_a,UN,a,4.8100000000000005,3.0269142857142857,8
110,Leaf,8-12D,No,Fungi,Drawing,Two-color,Numerous,0.37,74,8,UN_b,UN,b,1.08375,0.01739821428571428,8
110,Leaf,8-12D,No,Fungi,Drawing,Two-color,Numerous,0.37,74,8,UN_r,UN,r,0.9223346338379073,6.27226540678436e-4,8
111,Leaf,1-7D,Yes,Fungi,Drawing,Two-color,Few,0,80,7,SAD_a,SAD,a,0.01,0,10
111,Leaf,1-7D,Yes,Fungi,Drawing,Two-color,Few,0,80,7,SAD_b,SAD,b,0.057999999999999996,0.005306666666666666,10
111,Leaf,1-7D,Yes,Fungi,Drawing,Two-color,Few,0,80,7,SAD_r,SAD,r,0.9647956494283845,1.8817204895771875e-4,10
111,Leaf,1-7D,Yes,Fungi,Drawing,Two-color,Few,0,80,7,UN_a,UN,a,0.01,0,10
111,Leaf,1-7D,Yes,Fungi,Drawing,Two-color,Few,0,80,7,UN_b,UN,b,0.088,0.003106666666666667,10
111,Leaf,1-7D,Yes,Fungi,Drawing,Two-color,Few,0,80,7,UN_r,UN,r,0.9389658982605573,3.8115767082745535e-4,10
114,Leaf,8-12D,No,Fungi,Drawing,Two-color,Few,0,100,12,SAD_a,SAD,a,1.761764705882353,7.249487700534759,34
114,Leaf,8-12D,No,Fungi,Drawing,Two-color,Few,0,100,12,SAD_b,SAD,b,1.0141176470588236,0.0020916221033868104,34
114,Leaf,8-12D,No,Fungi,Drawing,Two-color,Few,0,100,12,SAD_r,SAD,r,0.9828806804461729,1.2573673311263428e-4,34
114,Leaf,8-12D,No,Fungi,Drawing,Two-color,Few,0,100,12,UN_a,UN,a,1.0876470588235294,24.751430659536542,34
114,Leaf,8-12D,No,Fungi,Drawing,Two-color,Few,0,100,12,UN_b,UN,b,1.0138235294117648,0.005133422459893052,34
114,Leaf,8-12D,No,Fungi,Drawing,Two-color,Few,0,100,12,UN_r,UN,r,0.9720472559006982,4.30924183677732e-4,34
118,Other,1-7D,No,Fungi,Drawing,Black-white,Numerous,1.5,34,5,SAD_a,SAD,a,7.793,63.95384555555555,10
118,Other,1-7D,No,Fungi,Drawing,Black-white,Numerous,1.5,34,5,SAD_b,SAD,b,0.844,0.007937777777777776,10
118,Other,1-7D,No,Fungi,Drawing,Black-white,Numerous,1.5,34,5,SAD_r,SAD,r,0.8497326559147009,0.004393792746831611,10
118,Other,1-7D,No,Fungi,Drawing,Black-white,Numerous,1.5,34,5,UN_a,UN,a,3.2150000000000003,46.81498333333333,10
118,Other,1-7D,No,Fungi,Drawing,Black-white,Numerous,1.5,34,5,UN_b,UN,b,1.016,0.004871111111111117,10
118,Other,1-7D,No,Fungi,Drawing,Black-white,Numerous,1.5,34,5,UN_r,UN,r,0.9190374999108153,4.11193064086972e-4,10
120,Leaf,8-12D,No,Fungi,Photo,TrueColor,Few,0,50,27,SAD_a,SAD,a,-0.09363636363636363,0.3045054545454546,11
120,Leaf,8-12D,No,Fungi,Photo,TrueColor,Few,0,50,27,SAD_b,SAD,b,0.749090909090909,0.00440909090909091,11
120,Leaf,8-12D,No,Fungi,Photo,TrueColor,Few,0,50,27,SAD_r,SAD,r,0.9637688476014641,2.6456923224046686e-4,11
120,Leaf,8-12D,No,Fungi,Photo,TrueColor,Few,0,50,27,UN_a,UN,a,1.9536363636363636,0.6007454545454546,11
120,Leaf,8-12D,No,Fungi,Photo,TrueColor,Few,0,50,27,UN_b,UN,b,0.9818181818181818,0.00601636363636364,11
120,Leaf,8-12D,No,Fungi,Photo,TrueColor,Few,0,50,27,UN_r,UN,r,0.9630559814538491,7.754942445599346e-4,11
122,Leaf,1-7D,Yes,Fungi,Photo/Drawing,TrueColor/BW,Numerous,1,53,7,SAD_a,SAD,a,1.015,1.1432277777777777,10
122,Leaf,1-7D,Yes,Fungi,Photo/Drawing,TrueColor/BW,Numerous,1,53,7,SAD_b,SAD,b,0.91,0.017866666666666666,10
122,Leaf,1-7D,Yes,Fungi,Photo/Drawing,TrueColor/BW,Numerous,1,53,7,SAD_r,SAD,r,0.9529962073513669,8.869208599004623e-4,10
122,Leaf,1-7D,Yes,Fungi,Photo/Drawing,TrueColor/BW,Numerous,1,53,7,UN_a,UN,a,5.563,7.923734444444445,10
122,Leaf,1-7D,Yes,Fungi,Photo/Drawing,TrueColor/BW,Numerous,1,53,7,UN_b,UN,b,0.948,0.02386222222222222,10
122,Leaf,1-7D,Yes,Fungi,Photo/Drawing,TrueColor/BW,Numerous,1,53,7,UN_r,UN,r,0.8908441575198085,0.0026629855698029536,10
125,Other,8-12D,No,Fungi,Drawing,Two-color,Numerous,0.6,46,8,SAD_a,SAD,a,0.959,1.110698888888889,10
125,Other,8-12D,No,Fungi,Drawing,Two-color,Numerous,0.6,46,8,SAD_b,SAD,b,0.991,0.020409999999999998,10
125,Other,8-12D,No,Fungi,Drawing,Two-color,Numerous,0.6,46,8,SAD_r,SAD,r,0.9600261874556119,3.8857711049159567e-4,10
125,Other,8-12D,No,Fungi,Drawing,Two-color,Numerous,0.6,46,8,UN_a,UN,a,1.672,9.538039999999999,10
125,Other,8-12D,No,Fungi,Drawing,Two-color,Numerous,0.6,46,8,UN_b,UN,b,1.399,0.26285444444444445,10
125,Other,8-12D,No,Fungi,Drawing,Two-color,Numerous,0.6,46,8,UN_r,UN,r,0.9551726181108837,7.16966234666516e-4,10
126,Other,8-12D,Yes,Fungi,Drawing,Two-color,Numerous,0.25,32,8,SAD_a,SAD,a,0.299,0.13665444444444444,10
126,Other,8-12D,Yes,Fungi,Drawing,Two-color,Numerous,0.25,32,8,SAD_b,SAD,b,0.952,0.0035288888888888896,10
126,Other,8-12D,Yes,Fungi,Drawing,Two-color,Numerous,0.25,32,8,SAD_r,SAD,r,0.94154035956928,5.575014468344327e-4,10
126,Other,8-12D,Yes,Fungi,Drawing,Two-color,Numerous,0.25,32,8,UN_a,UN,a,6.545,80.90091666666666,10
126,Other,8-12D,Yes,Fungi,Drawing,Two-color,Numerous,0.25,32,8,UN_b,UN,b,1.873,0.7308233333333334,10
126,Other,8-12D,Yes,Fungi,Drawing,Two-color,Numerous,0.25,32,8,UN_r,UN,r,0.8198070998036869,0.004351465679408596,10
128,Other,8-12D,Yes,Bacteria,Drawing,Black-white,Few,2,94,8,SAD_a,SAD,a,2.129,2.0414766666666666,10
128,Other,8-12D,Yes,Bacteria,Drawing,Black-white,Few,2,94,8,SAD_b,SAD,b,1.017,0.0010455555555555574,10
128,Other,8-12D,Yes,Bacteria,Drawing,Black-white,Few,2,94,8,SAD_r,SAD,r,0.9858880140438832,2.7581960675575896e-5,10
128,Other,8-12D,Yes,Bacteria,Drawing,Black-white,Few,2,94,8,UN_a,UN,a,3.104,22.834537777777776,10
128,Other,8-12D,Yes,Bacteria,Drawing,Black-white,Few,2,94,8,UN_b,UN,b,0.973,0.008623333333333339,10
128,Other,8-12D,Yes,Bacteria,Drawing,Black-white,Few,2,94,8,UN_r,UN,r,0.9755545201487509,3.259757970449429e-4,10
129,Other,8-12D,Yes,Bacteria,Drawing,Black-white,Numerous,0.3,30,8,SAD_a,SAD,a,0.966,0.17738222222222222,10
129,Other,8-12D,Yes,Bacteria,Drawing,Black-white,Numerous,0.3,30,8,SAD_b,SAD,b,1.102,0.036151111111111106,10
129,Other,8-12D,Yes,Bacteria,Drawing,Black-white,Numerous,0.3,30,8,SAD_r,SAD,r,0.9398144600391511,8.319785570207179e-4,10
129,Other,8-12D,Yes,Bacteria,Drawing,Black-white,Numerous,0.3,30,8,UN_a,UN,a,5.957,14.69531222222222,10
129,Other,8-12D,Yes,Bacteria,Drawing,Black-white,Numerous,0.3,30,8,UN_b,UN,b,1.6099999999999999,0.3488666666666666,10
129,Other,8-12D,Yes,Bacteria,Drawing,Black-white,Numerous,0.3,30,8,UN_r,UN,r,0.8993919470785,0.0023268061448273062,10
130,Other,8-12D,Yes,Fungi,Photo,TrueColor,Few,0,50.9,21,SAD_a,SAD,a,-0.3169230769230769,0.18295641025641027,13
130,Other,8-12D,Yes,Fungi,Photo,TrueColor,Few,0,50.9,21,SAD_b,SAD,b,0.9976923076923077,0.005752564102564107,13
130,Other,8-12D,Yes,Fungi,Photo,TrueColor,Few,0,50.9,21,SAD_r,SAD,r,0.9388564842388732,9.42105028408192e-5,13
130,Other,8-12D,Yes,Fungi,Photo,TrueColor,Few,0,50.9,21,UN_a,UN,a,2.9723076923076923,9.380652564102563,13
130,Other,8-12D,Yes,Fungi,Photo,TrueColor,Few,0,50.9,21,UN_b,UN,b,1.2046153846153846,0.07081025641025643,13
130,Other,8-12D,Yes,Fungi,Photo,TrueColor,Few,0,50.9,21,UN_r,UN,r,0.8936456772247295,0.004847187209017344,13
